PostTitle,Text,Score
Trump names allies to Holocaust Museum board after firing Biden appointees,"
As a reminder, this subreddit [is for civil discussion.](/r/politics/wiki/index#wiki_be_civil)

In general, be courteous to others. Debate/discuss/argue the merits of ideas, don't attack people. Personal insults, shill or troll accusations, hate speech, any suggestion or support of harm, violence, or death, and other rule violations can result in a permanent ban. 

If you see comments in violation of our rules, please report them.

 For those who have questions regarding any media outlets being posted on this subreddit, please click [here](https://www.reddit.com/r/politics/wiki/approveddomainslist) to review our details as to our approved domains list and outlet criteria.
 
 We are actively looking for new moderators.  If you have any interest in helping to make this subreddit a place for quality discussion, please fill out [this form](https://docs.google.com/forms/d/1y2swHD0KXFhStGFjW6k54r9iuMjzcFqDIVwuvdLBjSA).
 

***


*I am a bot, and this action was performed automatically. Please [contact the moderators of this subreddit](/message/compose/?to=/r/politics) if you have any questions or concerns.*",1
Trump names allies to Holocaust Museum board after firing Biden appointees,I'm Jewish and I will not support this museum while these Trump sycophants are on the board.,21
Trump names allies to Holocaust Museum board after firing Biden appointees,"WITKOFF: ""We must ... fight hatred wherever it exists""

Right.  NEVER Again, right...? 

US celebrates retaliatory appointments to the Holocaust Memorial while spitting lies at the ICJ DEFENDING Israel's genocide-in-progress: aid blockade of Gaza, weaponized starvation, and forced displacements of Palestinians in the West Bank.  

[https://www.npr.org/2025/04/30/nx-s1-5382383/international-court-of-justice-israel-unrwa-palestinians-us](https://www.npr.org/2025/04/30/nx-s1-5382383/international-court-of-justice-israel-unrwa-palestinians-us)

After claiming he'd end the 'war' in 24 hours, and failing to continue the Ceasefire Biden setup, Trump has shown - once again - that he's a feckless liar who likes nothing better than buddying-up and aiding fugitive War Criminals.  Victims of War Criminals?  Not his problem.  THey don't have 'the cards'.

If anti-semitism is growing, it can't POSSIBLY be due to a ""Roman-Saluting"" coPresident whose platform has multiplied anti-semitic comments since he took over, or his AfD support, or the ""Jews Will Not Replace Us"" Trumpies who are ""very fine people""?  How about the J6 ""tourists"" w Adolf's flags on display?

Trump's latest message to ""be good to Gaza"" while they're literally dying of STARVATION?  Must be felon-to-war-criminal code for something else.  Kind of like Leon's holocaust jokes - all in good fun.",4
Trump names allies to Holocaust Museum board after firing Biden appointees,">In a social media post late Thursday, President Donald Trump announced eight new appointees to the board of the U.S. Holocaust Memorial Museum to replace theÂ [board members he ordered removed](https://www.washingtonpost.com/entertainment/2025/04/29/holocaust-memorial-museum-board-trump/)Â days earlier, all of whom had been appointed by President Joe Biden. Many of them are allies or supporters of the president, including two conservative media personalities and a lawyer who represented him.

>â€œIt is my pleasure to announce the appointments of Betty Schwartz, Fred Marcus, Rabbi Pinchos Lipschutz, Sid Rosenberg, Ariel Abergel, Barbara Feingold, Alex Witkoff, and Robert Garson to the United States Holocaust Memorial Council,â€Â [Trump posted](https://truthsocial.com/@realDonaldTrump/posts/114436165701323476)Â on his Truth Social account. â€œThis Council has the important task of preserving the memories and stories of the loved ones whose lives were robbed in one of the darkest moments in History. NEVER FORGET!â€

>Witkoff, a real estate developer, is the son of Steve Witkoff, a friend of the president and real estate lawyer who now serves as his envoy to the Middle East and Russia. In a[Â post on X](https://x.com/Alex_Witkoff/status/1918305557301121179), Witkoff said he was proud to be appointed to the council by Trump.

>â€œAs a Jewish American, this fight is personal,â€ he wrote. â€œAntisemitism is rising â€” we must remember, act, and fight hatred wherever it exists.â€

>Rosenberg, a personality for New Yorkâ€™s WABC, a conservative talk radio station, saidÂ [in an Instagram Story post](https://www.instagram.com/stories/rosenberg.sidney/3623375754088373171/?hl=en)Â that Trump â€œbestowed me with the honor of a lifetime.â€ He then shared multiple posts from others congratulating him on the appointment.

>Rosenberg toldÂ [Arutz Sheva-Israel National News](https://www.israelnationalnews.com/news/407734)Â he was in Israel when he received the appointment. â€œFinding out about this honor while standing in Israel â€” on my third mission here since October 7th â€” was surreal. Iâ€™ve always used my voice to fight antisemitism, to defend Israel, and to speak the truth when too many stay silent,â€ he said.",2
Trump names allies to Holocaust Museum board after firing Biden appointees,"I don't think he knows the Holocaust, otherwise he would see El Salvador as wrong.",1
Trump names allies to Holocaust Museum board after firing Biden appointees,"This submission source is likely to have a soft paywall. If this article is not behind a paywall please report **this comment** for â€œbreaks r/politics rules -> custom -> ""incorrect flair"""". [More information can be found here](https://www.reddit.com/r/politics/wiki/index/#wiki_paywalls)

*I am a bot, and this action was performed automatically. Please [contact the moderators of this subreddit](/message/compose/?to=/r/politics) if you have any questions or concerns.*",1
Trump names allies to Holocaust Museum board after firing Biden appointees,I was afraid he was targeting this museum next. ðŸ˜‘,1
Trump names allies to Holocaust Museum board after firing Biden appointees,"There is no record of Romans using such a salute.  It only appears in one Renaissance painting of Romans, the oath of the horatii",1
Trump names allies to Holocaust Museum board after firing Biden appointees,"ah.  so you know the salute I speak of....mission accomplished.  if you have a better, non-censored description, please share.",1
